{"name":"动漫测试数据",
"version":"4.0",
"armature":[{"name":"armatureName","bone":[{"name":"root"}],"slot":[
{"name":"图层_20","parent":"root"},{"name":"图层_19","parent":"root"},{"name":"图层_18","parent":"root"},{"name":"图层_21","parent":"root"},{"name":"图层_17","parent":"root"},{"name":"图层_16","parent":"root"},{"name":"图层_15","parent":"root"},{"name":"图层_14","parent":"root"},{"name":"图层_12","parent":"root"},{"name":"素昧平生但却想杀了自己_的红发男人。","parent":"root"},{"name":"对白框_1","parent":"root"},{"name":"睁开眼……","parent":"root"},{"name":"面前的景致前所未见。","parent":"root"},{"name":"回眸。","parent":"root"},{"name":"这里是_…哪？","parent":"root"},{"name":"庭院的邂逅，","parent":"root"},{"name":"又见面了呢","parent":"root"},{"name":"身边的一切如此陌生。","parent":"root"},{"name":"朱！无！心！","parent":"root"},{"name":"题目背景","parent":"root"},{"name":"贱背景","parent":"root"},{"name":"贱","parent":"root"},{"name":"王爷你好","parent":"root"},{"name":"第六幅图","parent":"root"},{"name":"图层_22","parent":"root"},{"name":"第五幅图","parent":"root"},{"name":"第四幅图","parent":"root"},{"name":"第三幅图","parent":"root"},{"name":"第二幅图","parent":"root"},{"name":"第一幅图","parent":"root"},{"name":"对白框_1_1","parent":"root"},{"name":"图层_59_的副本","parent":"root"},{"name":"因为小_姐您是_庶出，","parent":"root"},{"name":"在朱府_又不受_老爷待_见。","parent":"root"},{"name":"在家中偶闻，","parent":"root"},{"name":"出身富贵但却活得_凄惨的自身过去。","parent":"root"},{"name":"小姐您过_去过得比_我们这帮_丫鬟还不_如的。","parent":"root"},{"name":"宅斗接踵而至","parent":"root"},{"name":"哟，命可真_够硬的，这_么快就把_伤养好了~","parent":"root"},{"name":"贱人层出不穷","parent":"root"},{"name":"就是说啊，_这都不死，_这不是赖_上咱们朱_家是什么？","parent":"root"},{"name":"我该如何应对","parent":"root"},{"name":"贱人大乱斗","parent":"root"},{"name":"且看四月","parent":"root"},{"name":"这种时候……","parent":"root"}],"skin":[{
"name":"",
"slot":[{"name":"图层_20","display":[{"name":"图层_20","type":"image","transform":{"x":298,"y":8136}}]},{"name":"图层_19","display":[{"name":"图层_19","type":"image","transform":{"x":300,"y":7388}}]},{"name":"图层_18","display":[{"name":"图层_18","type":"image","transform":{"x":300,"y":6376}}]},{"name":"图层_21","display":[{"name":"图层_21","type":"image","transform":{"x":300,"y":5712}}]},{"name":"图层_17","display":[{"name":"图层_17","type":"image","transform":{"x":300,"y":4938.5}}]},{"name":"图层_16","display":[{"name":"图层_16","type":"image","transform":{"x":300,"y":3902}}]},{"name":"图层_15","display":[{"name":"图层_15","type":"image","transform":{"x":300,"y":2798}}]},{"name":"图层_14","display":[{"name":"图层_14","type":"image","transform":{"x":300,"y":1499}}]},{"name":"图层_12","display":[{"name":"图层_12","type":"image","transform":{"x":300,"y":771}}]},{"name":"素昧平生但却想杀了自己_的红发男人。","display":[{"name":"素昧平生但却想杀了自己_的红发男人。","type":"image","transform":{"x":321,"y":7844.5}}]},{"name":"对白框_1","display":[{"name":"对白框_1","type":"image","transform":{"x":487,"y":4744.5}}]},{"name":"睁开眼……","display":[{"name":"睁开眼……","type":"image","transform":{"x":296,"y":1997.5}}]},{"name":"面前的景致前所未见。","display":[{"name":"面前的景致前所未见。","type":"image","transform":{"x":243,"y":3486.5}}]},{"name":"回眸。","display":[{"name":"回眸。","type":"image","transform":{"x":286.5,"y":4466}}]},{"name":"这里是_…哪？","display":[{"name":"这里是_…哪？","type":"image","transform":{"x":486,"y":4733.5}}]},{"name":"庭院的邂逅，","display":[{"name":"庭院的邂逅，","type":"image","transform":{"x":300,"y":6948}}]},{"name":"又见面了呢","display":[{"name":"又见面了呢","type":"image","transform":{"x":125,"y":7591}}]},{"name":"身边的一切如此陌生。","display":[{"name":"身边的一切如此陌生。","type":"image","transform":{"x":297,"y":5426.5}}]},{"name":"朱！无！心！","display":[{"name":"朱！无！心！","type":"image","transform":{"x":298.5,"y":8649.5}}]},{"name":"题目背景","display":[{"name":"题目背景","type":"image","transform":{"x":305.5,"y":176.5}}]},{"name":"贱背景","display":[{"name":"贱背景","type":"image","transform":{"x":453.5,"y":166}}]},{"name":"贱","display":[{"name":"贱","type":"image","transform":{"x":463,"y":164}}]},{"name":"王爷你好","display":[{"name":"王爷你好","type":"image","transform":{"x":249.5,"y":172.5}}]},{"name":"第六幅图","display":[{"name":"第六幅图","type":"image","transform":{"x":301.5,"y":14710.5}}]},{"name":"图层_22","display":[{"name":"图层_22","type":"image","transform":{"x":301.5,"y":14161}}]},{"name":"第五幅图","display":[{"name":"第五幅图","type":"image","transform":{"x":356.5,"y":13196}}]},{"name":"第四幅图","display":[{"name":"第四幅图","type":"image","transform":{"x":236,"y":12122}}]},{"name":"第三幅图","display":[{"name":"第三幅图","type":"image","transform":{"x":301.5,"y":11270.5}}]},{"name":"第二幅图","display":[{"name":"第二幅图","type":"image","transform":{"x":301.5,"y":10479.5}}]},{"name":"第一幅图","display":[{"name":"第一幅图","type":"image","transform":{"x":300,"y":9572}}]},{"name":"对白框_1_1","display":[{"name":"对白框_1_1","type":"image","transform":{"x":448,"y":11553}}]},{"name":"图层_59_的副本","display":[{"name":"图层_59_的副本","type":"image","transform":{"x":464,"y":11652.5}}]},{"name":"因为小_姐您是_庶出，","display":[{"name":"因为小_姐您是_庶出，","type":"image","transform":{"x":115.5,"y":9314}}]},{"name":"在朱府_又不受_老爷待_见。","display":[{"name":"在朱府_又不受_老爷待_见。","type":"image","transform":{"x":480.5,"y":9798}}]},{"name":"在家中偶闻，","display":[{"name":"在家中偶闻，","type":"image","transform":{"x":287.5,"y":10049}}]},{"name":"出身富贵但却活得_凄惨的自身过去。","display":[{"name":"出身富贵但却活得_凄惨的自身过去。","type":"image","transform":{"x":278,"y":10944.5}}]},{"name":"小姐您过_去过得比_我们这帮_丫鬟还不_如的。","display":[{"name":"小姐您过_去过得比_我们这帮_丫鬟还不_如的。","type":"image","transform":{"x":438.5,"y":11464.5}}]},{"name":"宅斗接踵而至","display":[{"name":"宅斗接踵而至","type":"image","transform":{"x":300,"y":12741}}]},{"name":"哟，命可真_够硬的，这_么快就把_伤养好了~","display":[{"name":"哟，命可真_够硬的，这_么快就把_伤养好了~","type":"image","transform":{"x":401.5,"y":12469.5}}]},{"name":"贱人层出不穷","display":[{"name":"贱人层出不穷","type":"image","transform":{"x":306.5,"y":13745.5}}]},{"name":"就是说啊，_这都不死，_这不是赖_上咱们朱_家是什么？","display":[{"name":"就是说啊，_这都不死，_这不是赖_上咱们朱_家是什么？","type":"image","transform":{"x":196,"y":13418}}]},{"name":"我该如何应对","display":[{"name":"我该如何应对","type":"image","transform":{"x":292.5,"y":15631}}]},{"name":"贱人大乱斗","display":[{"name":"贱人大乱斗","type":"image","transform":{"x":291.5,"y":17223}}]},{"name":"且看四月","display":[{"name":"且看四月","type":"image","transform":{"x":290.5,"y":16524}}]},{"name":"这种时候……","display":[{"name":"这种时候……","type":"image","transform":{"x":64.5,"y":14174}}]}]}], "animations": []}]}