{"SubTexture":[{"frameWidth":126,"y":175,"frameY":0,"frameHeight":216,"x":512,"width":126,"height":215,"name":"tail","frameX":0},{"width":108,"y":377,"height":134,"name":"leftLeg","x":640},{"width":136,"y":381,"height":96,"name":"rightLeg","x":276},{"width":118,"y":381,"height":126,"name":"body","x":156},{"frameWidth":200,"y":1,"frameY":0,"frameHeight":200,"x":729,"width":200,"height":199,"name":"head","frameX":0},{"width":95,"y":202,"height":173,"name":"rightArm","x":640},{"width":153,"y":381,"height":123,"name":"leftArm","x":1},{"frameWidth":70,"y":381,"frameY":0,"frameHeight":59,"x":414,"width":70,"height":58,"name":"leftHand","frameX":0},{"width":39,"y":441,"height":55,"name":"rightHand","x":414},{"frameWidth":727,"y":1,"frameY":0,"frameHeight":173,"x":1,"width":726,"height":172,"name":"cirrus1","frameX":0},{"frameWidth":509,"y":175,"frameY":0,"frameHeight":205,"x":1,"width":509,"height":204,"name":"cirrus2","frameX":0},{"width":37,"y":479,"height":26,"name":"rightFinger","x":276},{"width":17,"y":175,"height":24,"name":"thumb","x":640}],"imagePath":"猴子素材_tex.png","name":"猴子素材"}