{"frameRate":24,"isGlobal":0,"name":"猴子素材","version":"5.0","armature":[{"defaultActions":[{"gotoAndPlay":"monkey"}],"animation":[{"bone":[{"frame":[{"tweenEasing":null,"transform":{},"duration":1}],"name":"root"}],"frame":[],"fadeInTime":0.3,"ffd":[],"name":"monkey","slot":[{"frame":[{"tweenEasing":null,"color":{},"duration":1}],"name":"tail"},{"frame":[{"tweenEasing":null,"color":{},"duration":1}],"name":"leftLeg"},{"frame":[{"tweenEasing":null,"color":{},"duration":1}],"name":"rightLeg"},{"frame":[{"tweenEasing":null,"color":{},"duration":1}],"name":"body"},{"frame":[{"tweenEasing":null,"color":{},"duration":1}],"name":"head"},{"frame":[{"tweenEasing":null,"color":{},"duration":1}],"name":"rightArm"},{"frame":[{"tweenEasing":null,"color":{},"duration":1}],"name":"leftArm"},{"frame":[{"tweenEasing":null,"color":{},"duration":1}],"name":"leftHand"},{"frame":[{"tweenEasing":null,"color":{},"duration":1}],"name":"rightHand"},{"frame":[{"tweenEasing":null,"color":{},"duration":1}],"name":"cirrus1"},{"frame":[{"tweenEasing":null,"color":{},"duration":1}],"name":"cirrus2"},{"frame":[{"tweenEasing":null,"color":{},"duration":1}],"name":"rightFinger"},{"frame":[{"tweenEasing":null,"color":{},"duration":1}],"name":"thumb"}],"duration":1}],"type":"Armature","frameRate":24,"aabb":{"width":833.95,"y":-413.8,"height":651.05,"x":-356.15},"ik":[],"bone":[{"name":"root","transform":{}}],"skin":[{"name":"","slot":[{"display":[{"type":"image","name":"tail","transform":{"y":129.25,"skY":-0.1657,"skX":-0.1657,"x":-18.4}}],"name":"tail"},{"display":[{"type":"image","name":"rightArm","transform":{"y":-141.15,"skY":-0.1657,"skX":-0.1657,"x":-35.8}}],"name":"rightArm"},{"display":[{"type":"image","name":"cirrus2","transform":{"y":-311.3,"skY":-0.1657,"skX":-0.1657,"x":223.3}}],"name":"cirrus2"},{"display":[{"type":"image","name":"body","transform":{"y":-10.5,"skY":-0.1657,"skX":-0.1657,"x":4.85}}],"name":"body"},{"display":[{"type":"image","name":"rightHand","transform":{"y":-243.05,"skY":-0.1657,"skX":-0.1657,"x":-65.55}}],"name":"rightHand"},{"display":[{"type":"image","name":"leftLeg","transform":{"y":81.75,"skY":-0.1657,"skX":-0.1657,"x":-38.05}}],"name":"leftLeg"},{"display":[{"type":"image","name":"leftArm","transform":{"y":33.8,"skY":-0.1657,"skX":-0.1657,"x":123.15}}],"name":"leftArm"},{"display":[{"type":"image","name":"rightFinger","transform":{"y":-261.0975,"scY":0.81,"skY":-0.1657,"skX":-0.1657,"x":-67.75}}],"name":"rightFinger"},{"display":[{"type":"image","name":"head","transform":{"y":-105.75,"skY":-0.1657,"skX":-0.1657,"x":94.3}}],"name":"head"},{"display":[{"type":"image","name":"cirrus1","transform":{"y":-305.55,"skY":-0.1657,"skX":-0.1657,"x":7.35}}],"name":"cirrus1"},{"display":[{"type":"image","name":"rightLeg","transform":{"y":25.8,"skY":-0.1657,"skX":-0.1657,"x":-88.15}}],"name":"rightLeg"},{"display":[{"type":"image","name":"leftHand","transform":{"y":83.75,"skY":-0.1657,"skX":-0.1657,"x":219.7}}],"name":"leftHand"},{"display":[{"type":"image","name":"thumb","transform":{"y":-244.55,"skY":-0.1657,"skX":-0.1657,"x":-53.15}}],"name":"thumb"}]}],"name":"monkey","slot":[{"name":"tail","parent":"root","color":{}},{"z":1,"name":"leftLeg","parent":"root","color":{}},{"z":2,"name":"rightLeg","parent":"root","color":{}},{"z":3,"name":"body","parent":"root","color":{}},{"z":4,"name":"head","parent":"root","color":{}},{"z":5,"name":"rightArm","parent":"root","color":{}},{"z":6,"name":"leftArm","parent":"root","color":{}},{"z":7,"name":"leftHand","parent":"root","color":{}},{"z":8,"name":"rightHand","parent":"root","color":{}},{"z":9,"name":"cirrus1","parent":"root","color":{}},{"z":10,"name":"cirrus2","parent":"root","color":{}},{"z":11,"name":"rightFinger","parent":"root","color":{}},{"z":12,"name":"thumb","parent":"root","color":{}}]}]}